Update,id,table,field,old_text,new_text
1,1a1b03ba-6cc1-492b-afad-6a53e0fa38fc,verse_life_application,reflection_question,"What visible reminder has God put in your life that you keep overlooking as ordinary, when it might actually be a sign of his faithfulness toward you?","What visible reminder has God put in your life that you keep overlooking as ordinary, when it might actually be a sign of His faithfulness toward you?"
1,5369c372-2cd4-4388-a834-1e36da6e06fb,verse_life_application,reflection_question,Is there a promise God has kept for you that you've quietly tucked away — something you haven't yet named or spoken out loud as evidence of his faithfulness?,Is there a promise God has kept for you that you've quietly tucked away — something you haven't yet named or spoken out loud as evidence of His faithfulness?
1,d8d594d7-41c1-46f3-88f7-ed77f1944acf,verse_life_application,reflection_question,"What ordinary, overlooked thing in your life might God be inviting you to stand upright as a reminder of his faithfulness?","What ordinary, overlooked thing in your life might God be inviting you to stand upright as a reminder of His faithfulness?"
1,76dd26d5-fb45-49db-9df8-1cd361eaae94,verse_life_application,reflection_question,"When you say yes to God — in a prayer, a decision, a promise — what recent evidence of his faithfulness are you actually standing on?","When you say yes to God — in a prayer, a decision, a promise — what recent evidence of His faithfulness are you actually standing on?"
1,ead15956-b15e-449b-b2bb-9551c5016207,verse_life_application,reflection_question,"Where in your life are you experiencing God's law without his mercy, or reaching for his mercy while avoiding the honest witness of where you've fallen short?","Where in your life are you experiencing God's law without His mercy, or reaching for His mercy while avoiding the honest witness of where you've fallen short?"
1,8cf5c712-6779-47d4-b204-38df8cf05769,verse_life_application,reflection_question,"Where in your life have you been treating God's holiness and his mercy as opposites, when they might actually be two shapes beaten from the same gold?","Where in your life have you been treating God's holiness and His mercy as opposites, when they might actually be two shapes beaten from the same gold?"
1,5bb8ab21-1f33-4ca2-b075-790306476ced,verse_life_application,reflection_question,"What would change in how you approach God today if you pictured his mercy not as ignoring your failures, but as deliberately placed over them?","What would change in how you approach God today if you pictured His mercy not as ignoring your failures, but as deliberately placed over them?"
1,661a2ea4-4912-4032-a5d3-bd5e444f8b06,verse_life_application,reflection_question,"When you rehearse your fears instead of your history with God, which specific moment of his faithfulness are you most tempted to wave off as coincidence or luck?","When you rehearse your fears instead of your history with God, which specific moment of His faithfulness are you most tempted to wave off as coincidence or luck?"
1,aecc4e4a-2cd7-4f87-8aeb-455c08e67aa5,verse_life_application,plain_truth,"This verse is part of a larger set of instructions God gave to the priests of Israel about what belonged to them as their share of the people's offerings. The rule here is that every firstborn — the first creature to come from any womb, whether human or animal — belongs to God. But there's a catch built right in: firstborn human babies and firstborn animals that couldn't be offered in sacrifice (like a donkey) had to be ""redeemed."" That means a substitute payment was made so the child or animal could be released rather than literally given over. The firstborn belonged to God, but God, in his mercy, made a way out.","This verse is part of a larger set of instructions God gave to the priests of Israel about what belonged to them as their share of the people's offerings. The rule here is that every firstborn — the first creature to come from any womb, whether human or animal — belongs to God. But there's a catch built right in: firstborn human babies and firstborn animals that couldn't be offered in sacrifice (like a donkey) had to be ""redeemed."" That means a substitute payment was made so the child or animal could be released rather than literally given over. The firstborn belonged to God, but God, in His mercy, made a way out."
1,ff6f583a-4aeb-45c6-96d0-87d514ba1065,verse_life_application,plain_truth,"This short verse is the narrator's summary statement after everything that just happened at the rock — the complaining, Moses striking the rock in anger, the water gushing out anyway. ""Meribah"" literally means *strife* or *quarreling*, and the name sticks to this place as a permanent reminder. The people fought with God. They pushed back, argued, demanded. And yet God still gave them water. The stunning twist in this verse is the ending: God was *sanctified* in the middle of it all — meaning his holiness and faithfulness showed up and shone out, even through a mess of human failure and frustration.","This short verse is the narrator's summary statement after everything that just happened at the rock — the complaining, Moses striking the rock in anger, the water gushing out anyway. ""Meribah"" literally means *strife* or *quarreling*, and the name sticks to this place as a permanent reminder. The people fought with God. They pushed back, argued, demanded. And yet God still gave them water. The stunning twist in this verse is the ending: God was *sanctified* in the middle of it all — meaning His holiness and faithfulness showed up and shone out, even through a mess of human failure and frustration."
1,4b4c4d19-00d7-41ad-9a90-ad4d64007d69,verse_life_application,deeper_layer,"The Hebrew word for ""was kindled"" is *charah* (H2734), and it means to glow, to become hot, to blaze up. It's a fire word. Scripture doesn't describe God's anger here as a cold judgment handed down from a distance — it's described as heat, as something that flares up immediately. The same word is used when you fan coals and they suddenly catch. What kindled it wasn't just disobedience — it was broken trust after God had already shown his faithfulness in Egypt, in the desert, in provision after provision. The anger that blazes the hottest is the kind born from a relationship where one party keeps refusing to believe the other.","The Hebrew word for ""was kindled"" is *charah* (H2734), and it means to glow, to become hot, to blaze up. It's a fire word. Scripture doesn't describe God's anger here as a cold judgment handed down from a distance — it's described as heat, as something that flares up immediately. The same word is used when you fan coals and they suddenly catch. What kindled it wasn't just disobedience — it was broken trust after God had already shown His faithfulness in Egypt, in the desert, in provision after provision. The anger that blazes the hottest is the kind born from a relationship where one party keeps refusing to believe the other."
1,8d846d78-ac8b-40a3-94d8-b9a2bd8aed55,verse_life_application,reflection_question,What hard stretch in your life has God already carried you through that you might be forgetting to count as evidence of his faithfulness right now?,What hard stretch in your life has God already carried you through that you might be forgetting to count as evidence of His faithfulness right now?
1,bd971339-e163-4cf4-9904-c7788a15037c,verse_life_application,reflection_question,"What has God already placed in your hands that you've been treating as ordinary, when it might actually be a monument to his faithfulness you haven't stopped to read yet?","What has God already placed in your hands that you've been treating as ordinary, when it might actually be a monument to His faithfulness you haven't stopped to read yet?"
1,9fa4ff2b-ee50-4c5d-90c5-b2cf9448544d,verse_life_application,reflection_question,What has God already done in your life — something you witnessed firsthand — that you've stopped telling as a story of his faithfulness?,What has God already done in your life — something you witnessed firsthand — that you've stopped telling as a story of His faithfulness?
1,923e277e-3205-4215-aee4-7a040c94f368,verse_life_application,reflection_question,"What opposition in your life might God already be using as evidence of his faithfulness, if you looked back at it honestly?","What opposition in your life might God already be using as evidence of His faithfulness, if you looked back at it honestly?"
1,8e1dc9b7-ff43-4238-9511-342b1fc5f19a,verse_life_application,reflection_question,Is there a ruin in your past — something that looked like failure — that God may have actually been turning into a permanent testimony of his faithfulness?,Is there a ruin in your past — something that looked like failure — that God may have actually been turning into a permanent testimony of His faithfulness?
1,135046de-f02a-47f5-bd99-dd975b354aaf,verse_life_application,reflection_question,What old victory — one God gave you years ago — have you stopped counting as evidence of his faithfulness?,What old victory — one God gave you years ago — have you stopped counting as evidence of His faithfulness?
1,29effaa7-75c9-446b-88c4-bd795abf7634,verse_life_application,reflection_question,"What promise from God are you still treating as uncertain, when the evidence of his faithfulness is already written in the record of your own life?","What promise from God are you still treating as uncertain, when the evidence of His faithfulness is already written in the record of your own life?"
1,a76dcc60-6639-4e94-9a49-6a8b6dd36fe1,verse_life_application,reflection_question,What has God already done in your life that you've stopped letting yourself count as evidence of his faithfulness?,What has God already done in your life that you've stopped letting yourself count as evidence of His faithfulness?
1,ec1b3f66-f88b-4490-804f-6d7c881f8a0e,verse_life_application,reflection_question,What specific thing has God already cleared out of your path that you've stopped connecting to his faithfulness?,What specific thing has God already cleared out of your path that you've stopped connecting to His faithfulness?
1,e5a8a9ad-f44d-445a-8f8b-8faf4d663306,verse_life_application,plain_truth,"Two men just murdered the king they served — while he slept — and walked into David's court expecting a reward. They thought they'd done David a favor by eliminating his rival. David's response is immediate and fierce. Before he pronounces their sentence, he anchors himself in something: God's faithfulness to him through every hard season of his life. He is essentially saying, ""The same God who kept me through every danger is the God whose justice I now carry out — and I won't dirty his faithfulness by rewarding treachery.""","Two men just murdered the king they served — while he slept — and walked into David's court expecting a reward. They thought they'd done David a favor by eliminating his rival. David's response is immediate and fierce. Before he pronounces their sentence, he anchors himself in something: God's faithfulness to him through every hard season of his life. He is essentially saying, ""The same God who kept me through every danger is the God whose justice I now carry out — and I won't dirty His faithfulness by rewarding treachery."""
1,53a8385f-2e57-414a-8aa2-de646aecf77b,verse_life_application,reflection_question,"When you bring something impressive to God — your track record, your effort, your visible repentance — are you doing it because you trust his mercy, or because you're afraid his mercy won't be enough on its own?","When you bring something impressive to God — your track record, your effort, your visible repentance — are you doing it because you trust His mercy, or because you're afraid His mercy won't be enough on its own?"
1,9f0966dd-fc32-4d37-aac6-e9e2e82be94c,verse_life_application,reflection_question,When suffering has a clear endpoint — or even when it doesn't — what would it mean for you to trust that God's timing has the same intentionality as his mercy?,When suffering has a clear endpoint — or even when it doesn't — what would it mean for you to trust that God's timing has the same intentionality as His mercy?
1,535b43d2-aaef-4989-823a-19ed19917f0a,verse_life_application,reflection_question,"When you pray, are you mostly presenting your case — or are you resting in the fact that God's attentiveness to you is rooted in his grace, not your worthiness?","When you pray, are you mostly presenting your case — or are you resting in the fact that God's attentiveness to you is rooted in His grace, not your worthiness?"
1,22d79c4e-517c-4958-ac67-60a3b7b591da,verse_life_application,deeper_layer,"The Hebrew word *paqach* (H6491) — translated ""open"" — is the word used here when God restores the soldiers' sight. It's not a gentle or passive word. It means to *snap open*, like shutters thrown wide. The same word is used when scales fall from blinded eyes, when a deaf ear suddenly hears. It's the picture of something sealed being forcibly, mercifully unsealed. These soldiers had been walking in a fog of their own mission — certain of their purpose, unable to see reality. The moment God *snapped their eyes open*, reality crashed in: they were already surrounded, already defeated, already in the hands of the one they'd hunted. Sometimes God lets us walk confidently in the wrong direction until the moment his mercy cracks our eyes open — and we see we were never in control.","The Hebrew word *paqach* (H6491) — translated ""open"" — is the word used here when God restores the soldiers' sight. It's not a gentle or passive word. It means to *snap open*, like shutters thrown wide. The same word is used when scales fall from blinded eyes, when a deaf ear suddenly hears. It's the picture of something sealed being forcibly, mercifully unsealed. These soldiers had been walking in a fog of their own mission — certain of their purpose, unable to see reality. The moment God *snapped their eyes open*, reality crashed in: they were already surrounded, already defeated, already in the hands of the one they'd hunted. Sometimes God lets us walk confidently in the wrong direction until the moment His mercy cracks our eyes open — and we see we were never in control."
1,07f86a5d-f110-4d4d-88a1-6a5d4b43d1b5,verse_life_application,reflection_question,"What has God placed in your life as a ""pillar"" — a steady, visible reminder of his faithfulness — that you've stopped seeing as sacred?","What has God placed in your life as a ""pillar"" — a steady, visible reminder of His faithfulness — that you've stopped seeing as sacred?"
1,d281f0ae-da9c-4d4f-84a3-0016fdfcfdcc,verse_life_application,reflection_question,"When you look at what you've named — the values you're passing on, the story you're telling about God by how you live — does it reflect what you actually believe about his faithfulness?","When you look at what you've named — the values you're passing on, the story you're telling about God by how you live — does it reflect what you actually believe about His faithfulness?"
1,324a2098-5873-43d9-952a-7ef21b126fc4,verse_life_application,plain_truth,"This verse is a call to worship — not just for one nation or religious group, but for everyone, everywhere. ""All the earth"" means exactly what it says: no one is excluded from the invitation. And the command isn't just to sing once at a special service, but to ""show forth his salvation from day to day"" — to make it a daily habit to announce what God has done. This was written as the ark of the covenant arrived in Jerusalem, a moment of national celebration. David wanted that joy to spread outward and keep going, not peak and fade.","This verse is a call to worship — not just for one nation or religious group, but for everyone, everywhere. ""All the earth"" means exactly what it says: no one is excluded from the invitation. And the command isn't just to sing once at a special service, but to ""show forth His salvation from day to day"" — to make it a daily habit to announce what God has done. This was written as the ark of the covenant arrived in Jerusalem, a moment of national celebration. David wanted that joy to spread outward and keep going, not peak and fade."
2,801ceaf3-8540-4477-8444-dd9a6ffc1914,verse_life_application,deeper_layer,"The Hebrew word translated ""beheld"" is *ra'ah* (H7200), and it's far more active than a glance. It means to look with full attention — to consider, to take in, to perceive with your whole self. God didn't merely notice the destruction happening. He *beheld* it. He fixed his eyes on it with the full weight of his character. And what he saw moved him to stop it. This matters deeply: the same God who allowed the judgment to begin is also the God who cannot look at suffering without his mercy responding. He is not a distant observer. When you are in the middle of your consequences — when the damage feels like it's still unfolding — God is *beholding* you with that same searching, feeling gaze.","The Hebrew word translated ""beheld"" is *ra'ah* (H7200), and it's far more active than a glance. It means to look with full attention — to consider, to take in, to perceive with your whole self. God didn't merely notice the destruction happening. He *beheld* it. He fixed his eyes on it with the full weight of His character. And what He saw moved Him to stop it. This matters deeply: the same God who allowed the judgment to begin is also the God who cannot look at suffering without His mercy responding. He is not a distant observer. When you are in the middle of your consequences — when the damage feels like it's still unfolding — God is *beholding* you with that same searching, feeling gaze."
1,38435329-6d11-4d19-a890-a488bd1dff2c,verse_life_application,reflection_question,"When you gather with others around something that represents God's presence in your life, are you showing up as a witness to his faithfulness, or just going through a ritual?","When you gather with others around something that represents God's presence in your life, are you showing up as a witness to His faithfulness, or just going through a ritual?"
1,10a7322c-7f45-4e16-b7a7-501cb5c940d6,verse_life_application,deeper_layer,"The Hebrew word translated ""merry"" is *ṭôbāh* (H2896) — and it's richer than our English word suggests. It doesn't mean giddy or excited. It means *good* in the deepest, most wholesome sense: beautiful, favorable, well-placed, right. The same root describes light on the first day of creation — *God saw that it was good.* So when the people go home ""merry in heart,"" the writer is saying something deeper: their inner world was aligned with goodness itself. They had been in God's presence, witnessed his faithfulness across generations, and something settled inside them — not a feeling that could evaporate by morning, but a recognition that things were genuinely, fundamentally *good*. That's the kind of joy that outlasts the party.","The Hebrew word translated ""merry"" is *ṭôbāh* (H2896) — and it's richer than our English word suggests. It doesn't mean giddy or excited. It means *good* in the deepest, most wholesome sense: beautiful, favorable, well-placed, right. The same root describes light on the first day of creation — *God saw that it was good.* So when the people go home ""merry in heart,"" the writer is saying something deeper: their inner world was aligned with goodness itself. They had been in God's presence, witnessed His faithfulness across generations, and something settled inside them — not a feeling that could evaporate by morning, but a recognition that things were genuinely, fundamentally *good*. That's the kind of joy that outlasts the party."
1,64e9b499-faa0-40b2-8b8c-79952a2deb05,verse_life_application,deeper_layer,"The Hebrew word translated ""delighted"" is *chaphetz* (H2654), and it's richer than mere approval or satisfaction. It carries the sense of a strong inward bend toward something — like a tree leaning into sunlight. This isn't God grudgingly choosing Solomon from a short list. It's God genuinely wanting him, being drawn to him. That same word appears in Psalms when God is said to take pleasure in those who hope in his mercy. So when the Queen says God ""delighted in thee,"" she's describing something close to joy — God's own joy — as the origin of Solomon's calling. What flows from that delight? A throne, a purpose, and a people cared for. God's joy in a person becomes provision for many.","The Hebrew word translated ""delighted"" is *chaphetz* (H2654), and it's richer than mere approval or satisfaction. It carries the sense of a strong inward bend toward something — like a tree leaning into sunlight. This isn't God grudgingly choosing Solomon from a short list. It's God genuinely wanting him, being drawn to him. That same word appears in Psalms when God is said to take pleasure in those who hope in His mercy. So when the Queen says God ""delighted in thee,"" she's describing something close to joy — God's own joy — as the origin of Solomon's calling. What flows from that delight? A throne, a purpose, and a people cared for. God's joy in a person becomes provision for many."
1,4765be17-f832-479f-b0ca-19fbf82d997d,verse_life_application,reflection_question,Where in your life right now might God be stacking up evidence of his faithfulness that you've been too distracted or discouraged to actually stop and see?,Where in your life right now might God be stacking up evidence of His faithfulness that you've been too distracted or discouraged to actually stop and see?
2,250f3575-8ee5-4320-adde-daa97bbbf3bc,verse_life_application,plain_truth,"The psalm has just finished saying that armies, kings, and warhorses can't ultimately keep anyone safe. Now it pivots: so where *is* God's attention focused? Right here. On the people who fear him and who are waiting on his kindness to come through. ""Fear"" here isn't cowering terror — it's the deep respect of someone who knows they're standing before something far greater than themselves. And ""hope in his mercy"" means actively trusting that God's loyal love will show up, even when circumstances say otherwise. This is where God's gaze rests.","The psalm has just finished saying that armies, kings, and warhorses can't ultimately keep anyone safe. Now it pivots: so where *is* God's attention focused? Right here. On the people who fear Him and who are waiting on His kindness to come through. ""Fear"" here isn't cowering terror — it's the deep respect of someone who knows they're standing before something far greater than themselves. And ""hope in His mercy"" means actively trusting that God's loyal love will show up, even when circumstances say otherwise. This is where God's gaze rests."
2,33ae06ca-327d-4e7c-98eb-124861e6cea2,verse_life_application,plain_truth,"This opening line of Psalm 48 is a declaration, not a request. The poet isn't asking God to become great — he's announcing what is already true: God *is* great, and the right response to that greatness is loud, wholehearted praise. The ""city of our God"" and ""mountain of his holiness"" both point to Jerusalem, where the temple stood — the place Israel understood as God's chosen address on earth. But the deeper claim isn't about geography. It's that wherever God genuinely dwells — in a city, in a community, in a life — his greatness deserves to be the loudest thing in the room.","This opening line of Psalm 48 is a declaration, not a request. The poet isn't asking God to become great — he's announcing what is already true: God *is* great, and the right response to that greatness is loud, wholehearted praise. The ""city of our God"" and ""mountain of His holiness"" both point to Jerusalem, where the temple stood — the place Israel understood as God's chosen address on earth. But the deeper claim isn't about geography. It's that wherever God genuinely dwells — in a city, in a community, in a life — His greatness deserves to be the loudest thing in the room."
1,d026705f-4367-45b3-b74a-da98ef724ab4,verse_life_application,plain_truth,"Psalm 66 ends with a burst of gratitude, and this final verse is the landing point: ""Blessed be God, who has not turned away my prayer, nor his mercy from me."" The psalmist has been through real trouble — we don't know exactly what, but it was enough to drive him to desperate prayer and serious vows. Now, on the other side, he doesn't celebrate his own faith or persistence. He celebrates the fact that God didn't walk away. The prayer got through. The mercy stayed.

That's the whole point. He isn't saying God gave him everything he asked for exactly as he pictured it. He's saying God stayed in the conversation with him — and that the mercy running underneath it all never dried up.","Psalm 66 ends with a burst of gratitude, and this final verse is the landing point: ""Blessed be God, who has not turned away my prayer, nor His mercy from me."" The psalmist has been through real trouble — we don't know exactly what, but it was enough to drive him to desperate prayer and serious vows. Now, on the other side, he doesn't celebrate his own faith or persistence. He celebrates the fact that God didn't walk away. The prayer got through. The mercy stayed.

That's the whole point. He isn't saying God gave him everything he asked for exactly as he pictured it. He's saying God stayed in the conversation with him — and that the mercy running underneath it all never dried up."
2,02c46b4f-69a8-4b96-af24-8584a3a1fb39,verse_life_application,deeper_layer,"The word translated ""terrible"" is the Hebrew *yare* (H3372), but don't let that English word mislead you. We use ""terrible"" to mean bad. Here it means something closer to awe-striking — the feeling you get standing at the edge of a canyon or watching a thunderstorm roll in over open water. There's beauty in it, but also weight. You feel small in a good way. The verse says this awe radiates *out of his holy places* — meaning the encounter with God's presence doesn't shrink you into shame, it reorients you. You see clearly how large he is, and paradoxically, that's where strength flows from. The same God who is breathtaking in his holiness is also the one handing you power for today.","The word translated ""terrible"" is the Hebrew *yare* (H3372), but don't let that English word mislead you. We use ""terrible"" to mean bad. Here it means something closer to awe-striking — the feeling you get standing at the edge of a canyon or watching a thunderstorm roll in over open water. There's beauty in it, but also weight. You feel small in a good way. The verse says this awe radiates *out of His holy places* — meaning the encounter with God's presence doesn't shrink you into shame, it reorients you. You see clearly how large He is, and paradoxically, that's where strength flows from. The same God who is breathtaking in His holiness is also the one handing you power for today."
1,e7d66d50-e5fb-414c-a7f0-15244084ea37,verse_life_application,reflection_question,What moment from your own past — where things could have gone much worse — might God be inviting you to remember right now as evidence of his mercy?,What moment from your own past — where things could have gone much worse — might God be inviting you to remember right now as evidence of His mercy?
1,ab0955cb-7dbf-43e6-8d18-572b4ba227b1,verse_life_application,plain_truth,"This is a two-part prayer stripped down to its bare essentials: *Show us your mercy* and *give us your salvation*. The people praying this have been in real pain — exile, displacement, the crushing feeling that God has turned away. They're not asking for explanation or demanding their rights. They're simply asking God to let them *see* his loyal love in action, and to bring them through to the other side of their trouble.

What matters here is the combination. Mercy without salvation stays abstract — you feel loved but remain stuck. Salvation without mercy feels transactional — rescued but not cherished. Together, they're asking for the whole thing: a God who is both tender toward them *and* actively working to free them.","This is a two-part prayer stripped down to its bare essentials: *Show us your mercy* and *give us your salvation*. The people praying this have been in real pain — exile, displacement, the crushing feeling that God has turned away. They're not asking for explanation or demanding their rights. They're simply asking God to let them *see* His loyal love in action, and to bring them through to the other side of their trouble.

What matters here is the combination. Mercy without salvation stays abstract — you feel loved but remain stuck. Salvation without mercy feels transactional — rescued but not cherished. Together, they're asking for the whole thing: a God who is both tender toward them *and* actively working to free them."
1,d49e2913-a854-4a0c-a07f-9f7a4a062ae8,verse_life_application,plain_truth,"Moses asks a rhetorical question here that's meant to stop you cold: ""Who really understands the full force of God's anger?"" The answer is — nobody. We know about it the way you know a fire is hot without having to fall into it. Then comes the second half, which is the harder truth: God's wrath is exactly as serious as your deepest, most honest fear of it. If you've ever had a moment of genuine dread before God — not performance, not church guilt, but real awe — even that feeling still falls short of what his wrath actually is. The verse isn't meant to terrorize you. It's meant to shake loose the casual, half-serious relationship we tend to have with sin and its weight.","Moses asks a rhetorical question here that's meant to stop you cold: ""Who really understands the full force of God's anger?"" The answer is — nobody. We know about it the way you know a fire is hot without having to fall into it. Then comes the second half, which is the harder truth: God's wrath is exactly as serious as your deepest, most honest fear of it. If you've ever had a moment of genuine dread before God — not performance, not church guilt, but real awe — even that feeling still falls short of what His wrath actually is. The verse isn't meant to terrorize you. It's meant to shake loose the casual, half-serious relationship we tend to have with sin and its weight."
2,ab1f0008-6567-44f6-affc-77a72242017b,verse_life_application,plain_truth,This verse describes the daily rhythm of worship — announcing God's lovingkindness each morning and his faithfulness each night. It's not commanding a formal religious ceremony. It's describing how a person orients their whole day around who God actually is. Morning brings fresh evidence of his generous love; nighttime — often when doubts and fears crowd in — is precisely when you rehearse his faithfulness. The psalmist isn't saying worship when you feel like it. He's saying let these two truths bracket every single day.,This verse describes the daily rhythm of worship — announcing God's lovingkindness each morning and His faithfulness each night. It's not commanding a formal religious ceremony. It's describing how a person orients their whole day around who God actually is. Morning brings fresh evidence of his generous love; nighttime — often when doubts and fears crowd in — is precisely when you rehearse His faithfulness. The psalmist isn't saying worship when you feel like it. He's saying let these two truths bracket every single day.
2,d8513c2d-c485-43ff-a95b-36e44af26895,verse_life_application,plain_truth,"Psalm 96:2 is a triple call packed into one verse: sing to God, speak well of his name, and announce his salvation — not just once, but every single day. The phrase ""shew forth his salvation"" means actively telling the story of what God has done — not keeping it private. And ""from day to day"" isn't poetic filler. It's a rhythm, a daily practice. The psalmist is saying that what God has done is so real and so ongoing that one announcement isn't enough. It needs to become your daily posture.","Psalm 96:2 is a triple call packed into one verse: sing to God, speak well of His name, and announce His salvation — not just once, but every single day. The phrase ""shew forth His salvation"" means actively telling the story of what God has done — not keeping it private. And ""from day to day"" isn't poetic filler. It's a rhythm, a daily practice. The psalmist is saying that what God has done is so real and so ongoing that one announcement isn't enough. It needs to become your daily posture."
1,a95ce8a7-b90f-493d-bd06-0e5062dd870a,verse_life_application,reflection_question,"When life feels hard or hollow, which of these three — God's goodness, his mercy, or his faithfulness — is hardest for you to actually believe right now?","When life feels hard or hollow, which of these three — God's goodness, His mercy, or His faithfulness — is hardest for you to actually believe right now?"
1,a76193c8-fcf8-4946-a2ea-a6a286417cb6,verse_life_application,plain_truth,"This verse opens one of the longest psalms in the Bible with a double call to celebrate God — ""Praise the LORD"" and ""give thanks."" The reason is simple and stated plainly: God is good, and his mercy never runs out. That phrase ""endures forever"" isn't poetic filler. It's a theological anchor. Whatever you're walking through right now — confusion, grief, a season that feels God-forsaken — the claim here is that his mercy is not seasonal. It doesn't expire when your circumstances get hard.","This verse opens one of the longest psalms in the Bible with a double call to celebrate God — ""Praise the LORD"" and ""give thanks."" The reason is simple and stated plainly: God is good, and His mercy never runs out. That phrase ""endures forever"" isn't poetic filler. It's a theological anchor. Whatever you're walking through right now — confusion, grief, a season that feels God-forsaken — the claim here is that His mercy is not seasonal. It doesn't expire when your circumstances get hard."
2,0ed331bd-961a-47ef-8e92-e3fca36128b9,verse_life_application,plain_truth,"David is making a staggering claim: God's loyal love stretches further than the sky itself, and his faithfulness towers higher than the clouds. This isn't poetry trying to sound impressive — it's David reaching for the biggest thing he can see and saying, ""God's love goes past even that."" When you feel like your failures or your pain might finally be bigger than what God can handle, this verse is a direct answer: there is no ceiling on his mercy, no altitude his faithfulness can't reach.","David is making a staggering claim: God's loyal love stretches further than the sky itself, and His faithfulness towers higher than the clouds. This isn't poetry trying to sound impressive — it's David reaching for the biggest thing he can see and saying, ""God's love goes past even that."" When you feel like your failures or your pain might finally be bigger than what God can handle, this verse is a direct answer: there is no ceiling on His mercy, no altitude His faithfulness can't reach."
2,d0e05111-48b0-4f20-9fca-9ee8a2ba4299,verse_life_application,plain_truth,"This verse opens what many scholars believe is the psalm Jesus and his disciples sang the night before his crucifixion. It's a call to gratitude — not vague, polite thankfulness, but the kind that spills out of someone who has been through the fire and come out the other side. The reason given is simple and double: God is genuinely good, and his loyal love never runs out. Not just today. Not just in the good seasons. Forever.","This verse opens what many scholars believe is the psalm Jesus and His disciples sang the night before His crucifixion. It's a call to gratitude — not vague, polite thankfulness, but the kind that spills out of someone who has been through the fire and come out the other side. The reason given is simple and double: God is genuinely good, and His loyal love never runs out. Not just today. Not just in the good seasons. Forever."
1,54e4d214-a691-4374-9cb1-a47a6a6f99f7,verse_life_application,plain_truth,"This is the final verse of Psalm 136, a psalm that has repeated one line — ""his mercy endures forever"" — after every single statement about God's character and actions. Twenty-six times. The closing call to ""give thanks to the God of heaven"" is the psalm's grand conclusion: after walking through creation, the exodus, military victories, and daily provision, the writer lands here. The point isn't just to say thank you as a formality. It's to recognize that everything good traces back to one source — a God whose mercy doesn't run dry, doesn't expire, and doesn't depend on whether you've earned it.","This is the final verse of Psalm 136, a psalm that has repeated one line — ""His mercy endures forever"" — after every single statement about God's character and actions. Twenty-six times. The closing call to ""give thanks to the God of heaven"" is the psalm's grand conclusion: after walking through creation, the exodus, military victories, and daily provision, the writer lands here. The point isn't just to say thank you as a formality. It's to recognize that everything good traces back to one source — a God whose mercy doesn't run dry, doesn't expire, and doesn't depend on whether you've earned it."
1,69792d01-e64e-42a7-9163-2a912a5853ea,verse_life_application,plain_truth,"Psalm 136 opens with a call that gets repeated twenty-six times in this single psalm: *give thanks*. But notice what the reason is — not ""because things are going well for you right now,"" but because God *is* good and his mercy *never stops*. The thanks here isn't triggered by circumstances. It's grounded in who God is. That's a significant difference. When life is hard, you can still give thanks — not for the hard thing, but for the unchanging character of the One you're walking through it with.","Psalm 136 opens with a call that gets repeated twenty-six times in this single psalm: *give thanks*. But notice what the reason is — not ""because things are going well for you right now,"" but because God *is* good and His mercy *never stops*. The thanks here isn't triggered by circumstances. It's grounded in who God is. That's a significant difference. When life is hard, you can still give thanks — not for the hard thing, but for the unchanging character of the One you're walking through it with."
1,6a77d160-84ed-4731-b3c9-39cb144f4855,verse_life_application,deeper_layer,"The Hebrew word for ""strong"" here is *chazaqah* (H2389), and it carries a sense of hardness, boldness, even force. This isn't a gentle strength — it's the kind that doesn't bend, doesn't negotiate, doesn't back down when Pharaoh keeps saying no. Picture a hand that grips and does not let go. Seven times Pharaoh tried to hold on, and seven times this strong hand pushed back harder. What makes this theologically stunning is the pairing: God's unyielding, forceful strength is the *instrument* of his mercy. We tend to imagine mercy as soft — patient and quiet. But sometimes mercy looks like a fist that breaks open the door you've been trapped behind. The same God who is tender toward you is also the one who will not be stopped when it comes to your freedom.","The Hebrew word for ""strong"" here is *chazaqah* (H2389), and it carries a sense of hardness, boldness, even force. This isn't a gentle strength — it's the kind that doesn't bend, doesn't negotiate, doesn't back down when Pharaoh keeps saying no. Picture a hand that grips and does not let go. Seven times Pharaoh tried to hold on, and seven times this strong hand pushed back harder. What makes this theologically stunning is the pairing: God's unyielding, forceful strength is the *instrument* of His mercy. We tend to imagine mercy as soft — patient and quiet. But sometimes mercy looks like a fist that breaks open the door you've been trapped behind. The same God who is tender toward you is also the one who will not be stopped when it comes to your freedom."
2,8d029eef-fc2e-4177-a472-74b2d45bb36a,verse_life_application,plain_truth,"After the dramatic Red Sea crossing, Israel faced something just as daunting: an enormous, trackless desert with no food, no water, and no obvious path forward. This verse celebrates the God who didn't just rescue them from Egypt and then leave them to figure it out — he personally guided them through forty years of wilderness wandering. He led them. Fed them. Kept them. The refrain ""his mercy endures forever"" punctuates every line of this psalm like a heartbeat, reminding us that God's faithful love doesn't show up once and disappear. It sustains the whole journey, including the exhausting middle parts no one writes songs about.","After the dramatic Red Sea crossing, Israel faced something just as daunting: an enormous, trackless desert with no food, no water, and no obvious path forward. This verse celebrates the God who didn't just rescue them from Egypt and then leave them to figure it out — He personally guided them through forty years of wilderness wandering. He led them. Fed them. Kept them. The refrain ""His mercy endures forever"" punctuates every line of this psalm like a heartbeat, reminding us that God's faithful love doesn't show up once and disappear. It sustains the whole journey, including the exhausting middle parts no one writes songs about."
1,d51aa0b7-ceef-41ad-9828-c54b50eb76ff,verse_life_application,plain_truth,"Psalm 136 is a call-and-response song of gratitude, and verse 18 sits in the middle of a list of things God did to clear the path for Israel. ""Famous kings"" refers to the powerful rulers — Sihon and Og are named just after this — who stood between Israel and the land God had promised them. The point is simple: these weren't small-time opponents. They were the kind of rulers that would make any army turn around. And God dealt with them anyway. The refrain ""his mercy endures forever"" is attached to every single act, including this violent one — which tells us that sometimes God's protection of the vulnerable looks like the removal of those who prey on them.","Psalm 136 is a call-and-response song of gratitude, and verse 18 sits in the middle of a list of things God did to clear the path for Israel. ""Famous kings"" refers to the powerful rulers — Sihon and Og are named just after this — who stood between Israel and the land God had promised them. The point is simple: these weren't small-time opponents. They were the kind of rulers that would make any army turn around. And God dealt with them anyway. The refrain ""His mercy endures forever"" is attached to every single act, including this violent one — which tells us that sometimes God's protection of the vulnerable looks like the removal of those who prey on them."
1,d3b0fd8a-faa5-4ae1-937e-52353eae587b,verse_life_application,deeper_layer,"The Hebrew word for ""full of compassion"" is *rachum* (H7349), and it shares its root with the word for womb. That's not a coincidence. The image is the tenderness a mother feels for the child she carried — a gut-level, visceral protectiveness that doesn't require the child to perform well to activate it. This isn't a distant God evaluating whether your suffering qualifies for a response. The compassion here is instinctive, deep, and aimed specifically at the vulnerable. When the psalm says God is *rachum*, it's saying his compassion toward you runs as deep as the most primal human bond that exists.","The Hebrew word for ""full of compassion"" is *rachum* (H7349), and it shares its root with the word for womb. That's not a coincidence. The image is the tenderness a mother feels for the child she carried — a gut-level, visceral protectiveness that doesn't require the child to perform well to activate it. This isn't a distant God evaluating whether your suffering qualifies for a response. The compassion here is instinctive, deep, and aimed specifically at the vulnerable. When the psalm says God is *rachum*, it's saying His compassion toward you runs as deep as the most primal human bond that exists."
2,1c678e4b-623d-4067-81ec-5521c98d3021,verse_life_application,plain_truth,"God tells his people to look up at the sky and down at the earth — and then consider what they're seeing. Both will eventually fall apart. The heavens will dissolve like smoke drifting away into nothing. The earth will wear out like an old coat. Even people will die. This isn't pessimism — it's perspective. God is making a contrast: everything you can see and touch is temporary, but his salvation and his righteousness have no expiration date. When you feel like your circumstances are permanent, or that the wrong things are winning, this verse is a gentle hand on your shoulder saying: what looks solid isn't, and what looks invisible is the only thing that lasts.","God tells His people to look up at the sky and down at the earth — and then consider what they're seeing. Both will eventually fall apart. The heavens will dissolve like smoke drifting away into nothing. The earth will wear out like an old coat. Even people will die. This isn't pessimism — it's perspective. God is making a contrast: everything you can see and touch is temporary, but His salvation and His righteousness have no expiration date. When you feel like your circumstances are permanent, or that the wrong things are winning, this verse is a gentle hand on your shoulder saying: what looks solid isn't, and what looks invisible is the only thing that lasts."
1,5f0710ed-59c1-43e6-b8ec-f82bb067566a,verse_life_application,plain_truth,"This verse draws a sharp contrast between two very different kinds of lasting things. The people who mock and shame God's people — who heap scorn on them, who make them feel small — won't last. They'll be eaten up the way a moth eats through an old sweater, silently and completely. Their power to wound is temporary. But God's righteousness and his salvation? Those have no expiration date. They hold from one generation to the next, from your grandparents' era to your grandchildren's, without weakening. The point isn't that your critics will be dramatically punished — it's quieter than that. They simply unravel. God's promises don't.","This verse draws a sharp contrast between two very different kinds of lasting things. The people who mock and shame God's people — who heap scorn on them, who make them feel small — won't last. They'll be eaten up the way a moth eats through an old sweater, silently and completely. Their power to wound is temporary. But God's righteousness and His salvation? Those have no expiration date. They hold from one generation to the next, from your grandparents' era to your grandchildren's, without weakening. The point isn't that your critics will be dramatically punished — it's quieter than that. They simply unravel. God's promises don't."
2,5a273877-feaf-4dc9-92e1-82c9ca933ff8,verse_life_application,plain_truth,"God opens with a direct call: *do what is right and just in how you treat others* — and here's the reason why. Something enormous is on its way. God's rescue, his salvation, is almost here. His righteousness — his setting things right in the world — is about to step into the open.

This isn't a passage about earning God's favor. The salvation is already coming; nothing we do makes it arrive sooner or later. But how we live in the meantime matters deeply. When you know help is on the way, you don't sink further into the mud — you stand up straighter. God's approaching rescue isn't a license to coast; it's a motivation to align yourself with what he values before it arrives.","God opens with a direct call: *do what is right and just in how you treat others* — and here's the reason why. Something enormous is on its way. God's rescue, His salvation, is almost here. His righteousness — His setting things right in the world — is about to step into the open.

This isn't a passage about earning God's favor. The salvation is already coming; nothing we do makes it arrive sooner or later. But how we live in the meantime matters deeply. When you know help is on the way, you don't sink further into the mud — you stand up straighter. God's approaching rescue isn't a license to coast; it's a motivation to align yourself with what He values before it arrives."
1,5a273877-feaf-4dc9-92e1-82c9ca933ff8,verse_life_application,deeper_layer,"The word translated ""to be revealed"" is the Hebrew *galah* (H1540), and it carries a vivid, almost uncomfortable picture. At its root it means *to strip bare* — to uncover something that was hidden, sometimes even to expose it in a way that shocks. It's the same word used for exile, for uncovering nakedness, for pulling back a curtain that can never be put back.

God is saying his righteousness won't just quietly appear — it will be stripped bare, undeniable, fully exposed. You won't be able to look away or argue about whether it's real. When God sets things right, it will be unmistakable. That's meant to be both terrifying and deeply hopeful, depending on which side of justice you're standing on.","The word translated ""to be revealed"" is the Hebrew *galah* (H1540), and it carries a vivid, almost uncomfortable picture. At its root it means *to strip bare* — to uncover something that was hidden, sometimes even to expose it in a way that shocks. It's the same word used for exile, for uncovering nakedness, for pulling back a curtain that can never be put back.

God is saying His righteousness won't just quietly appear — it will be stripped bare, undeniable, fully exposed. You won't be able to look away or argue about whether it's real. When God sets things right, it will be unmistakable. That's meant to be both terrifying and deeply hopeful, depending on which side of justice you're standing on."
2,70e90776-9f24-47e7-88b5-124ed949eadd,verse_life_application,deeper_layer,"The word for ""breastplate"" here is *shiryan* (H8302) — a twisted, interlocked coat of armor, the kind of layered protection that covered a soldier's heart and lungs, the parts that keep you alive. The image isn't decorative. A breastplate stops what would kill you. Isaiah says God wraps *righteousness* — his absolute commitment to doing what is right — around himself like that armor. His own just character is what protects the mission. Nothing can pierce it, derail it, or corrupt it. When you're waiting for God to act and the situation looks hopeless, this is the picture worth holding: his righteousness isn't a distant quality on a list. It's battle-ready armor strapped to his chest, already in motion on your behalf.","The word for ""breastplate"" here is *shiryan* (H8302) — a twisted, interlocked coat of armor, the kind of layered protection that covered a soldier's heart and lungs, the parts that keep you alive. The image isn't decorative. A breastplate stops what would kill you. Isaiah says God wraps *righteousness* — His absolute commitment to doing what is right — around Himself like that armor. His own just character is what protects the mission. Nothing can pierce it, derail it, or corrupt it. When you're waiting for God to act and the situation looks hopeless, this is the picture worth holding: His righteousness isn't a distant quality on a list. It's battle-ready armor strapped to His chest, already in motion on your behalf."
2,05d0cf88-f79c-4f31-ba47-508d5daaf058,verse_life_application,deeper_layer,"The Hebrew word for ""holes"" here is *nᵉqîqê* (H5357), meaning clefts — narrow fissures split into solid rock. Picture not a comfortable cave but a desperate squeeze between stone walls, someone pressed flat into a crack trying to disappear. This is the image God is painting: people have not just wandered away from him, they've wedged themselves into the hardest, most unreachable hiding spots they could find. And yet even there, the hunters come. The word carries a feeling of futility — all that effort to hide, all that rock between you and consequence, and it still isn't enough. The same image cuts both ways, though: if God's judgment can reach into a rock cleft, so can his mercy.","The Hebrew word for ""holes"" here is *nᵉqîqê* (H5357), meaning clefts — narrow fissures split into solid rock. Picture not a comfortable cave but a desperate squeeze between stone walls, someone pressed flat into a crack trying to disappear. This is the image God is painting: people have not just wandered away from Him, they've wedged themselves into the hardest, most unreachable hiding spots they could find. And yet even there, the hunters come. The word carries a feeling of futility — all that effort to hide, all that rock between you and consequence, and it still isn't enough. The same image cuts both ways, though: if God's judgment can reach into a rock cleft, so can His mercy."
1,0e3d6f84-5271-451f-84f0-5e979125fa75,verse_life_application,plain_truth,"This verse is a snapshot of a future God is promising to a people who have lost everything. Jerusalem is rubble. The streets are silent. No weddings, no laughter, no worship. And into that silence, God says: the day is coming when you will hear all of it again — celebrations, songs of praise, the bustle of people bringing offerings to the temple. The reason they'll be singing? ""The LORD is good; his mercy endures forever."" That ancient refrain wasn't just a nice saying. It was the anthem of a people who had seen God come through when they had no right to expect it. The captivity — the exile, the loss, the long emptiness — will be reversed. Life will return ""as at the first.""","This verse is a snapshot of a future God is promising to a people who have lost everything. Jerusalem is rubble. The streets are silent. No weddings, no laughter, no worship. And into that silence, God says: the day is coming when you will hear all of it again — celebrations, songs of praise, the bustle of people bringing offerings to the temple. The reason they'll be singing? ""The LORD is good; His mercy endures forever."" That ancient refrain wasn't just a nice saying. It was the anthem of a people who had seen God come through when they had no right to expect it. The captivity — the exile, the loss, the long emptiness — will be reversed. Life will return ""as at the first."""
1,86d2b622-688b-4c93-87b1-5fdbd0880b04,verse_life_application,plain_truth,"This verse sits at the emotional turning point of Lamentations — a book written by someone watching everything they loved get destroyed. Right in the middle of that devastation, the writer stops and says something almost shocking: God's mercies are new every morning, and his faithfulness is great. This isn't cheerful denial of the pain. It's a man in the rubble choosing to notice what hasn't been taken. Yesterday's mercy is already spent, but this morning brought a fresh supply. God doesn't ration out one lifetime allotment and call it done. He shows up again. Every single morning.","This verse sits at the emotional turning point of Lamentations — a book written by someone watching everything they loved get destroyed. Right in the middle of that devastation, the writer stops and says something almost shocking: God's mercies are new every morning, and His faithfulness is great. This isn't cheerful denial of the pain. It's a man in the rubble choosing to notice what hasn't been taken. Yesterday's mercy is already spent, but this morning brought a fresh supply. God doesn't ration out one lifetime allotment and call it done. He shows up again. Every single morning."
1,b38dcb3e-1b26-4198-8020-500ceb9f1330,verse_life_application,plain_truth,"Ezekiel 5:13 is God delivering a verdict, not venting emotion. Jerusalem had been given every advantage — positioned among nations, entrusted with God's own instructions for living — and had thrown it all away for hollow substitutes. This verse is the closing declaration of a sentence: God's anger, long withheld, will now fully land. The phrase ""I will be comforted"" sounds strange to us, but it means justice has been fully served — the long tension between God's patience and his holiness finally resolves. And the point of it all is that people will *know*: this wasn't random catastrophe. God spoke, God warned, God acted.","Ezekiel 5:13 is God delivering a verdict, not venting emotion. Jerusalem had been given every advantage — positioned among nations, entrusted with God's own instructions for living — and had thrown it all away for hollow substitutes. This verse is the closing declaration of a sentence: God's anger, long withheld, will now fully land. The phrase ""I will be comforted"" sounds strange to us, but it means justice has been fully served — the long tension between God's patience and His holiness finally resolves. And the point of it all is that people will *know*: this wasn't random catastrophe. God spoke, God warned, God acted."
2,9856f20d-0e11-488e-bc54-35020b170fae,verse_life_application,plain_truth,"God is speaking to Israel about what will happen after he brings them home from exile. The promise here isn't punishment — it's restoration. But woven into that restoration is something unexpected: genuine grief over who they used to be. Once they're back, standing in the place God promised them, the contrast between his faithfulness and their unfaithfulness will hit hard. They'll look back at the ways they lived — the compromises, the idolatry, the double-dealing — and feel sick about it. Not because God is rubbing their faces in it, but because grace has a way of making old sins look worse, not better.","God is speaking to Israel about what will happen after He brings them home from exile. The promise here isn't punishment — it's restoration. But woven into that restoration is something unexpected: genuine grief over who they used to be. Once they're back, standing in the place God promised them, the contrast between His faithfulness and their unfaithfulness will hit hard. They'll look back at the ways they lived — the compromises, the idolatry, the double-dealing — and feel sick about it. Not because God is rubbing their faces in it, but because grace has a way of making old sins look worse, not better."
1,9856f20d-0e11-488e-bc54-35020b170fae,verse_life_application,deeper_layer,"The word translated ""lothe yourselves"" comes from the Hebrew *naqat* (H6962), which literally means to be cut off — to sever something. It's not just the mild discomfort of embarrassment. Picture cutting away a diseased branch. This is the visceral recoil of someone who, seeing clearly for the first time, wants to be completely separated from what they were. The English word ""loathe"" has gone soft on us — we use it for food we dislike. The Hebrew means you want nothing of that former self left attached to you. Interestingly, this disgust isn't the starting point of repentance — it comes *after* restoration. God brings them home first, then the sight of his grace does what threats never could.","The word translated ""lothe yourselves"" comes from the Hebrew *naqat* (H6962), which literally means to be cut off — to sever something. It's not just the mild discomfort of embarrassment. Picture cutting away a diseased branch. This is the visceral recoil of someone who, seeing clearly for the first time, wants to be completely separated from what they were. The English word ""loathe"" has gone soft on us — we use it for food we dislike. The Hebrew means you want nothing of that former self left attached to you. Interestingly, this disgust isn't the starting point of repentance — it comes *after* restoration. God brings them home first, then the sight of His grace does what threats never could."
2,d405e8c1-eeac-4235-9e33-dac8cfd3e0c7,verse_life_application,deeper_layer,"The Hebrew word translated ""wages"" is *sakar* (H7939), and it's more concrete than our English word suggests. It literally means the payment due at the end of contracted labor — think of a day worker waiting at the gate for what he's owed. God is picturing himself as the one who settles accounts. Nebuchadnezzar labored at Tyre for thirteen years and walked away empty-handed. God didn't forget. Egypt becomes the settlement. The image is striking: the God of the universe keeps a ledger, and nothing done under his providence goes uncompensated.","The Hebrew word translated ""wages"" is *sakar* (H7939), and it's more concrete than our English word suggests. It literally means the payment due at the end of contracted labor — think of a day worker waiting at the gate for what he's owed. God is picturing Himself as the one who settles accounts. Nebuchadnezzar labored at Tyre for thirteen years and walked away empty-handed. God didn't forget. Egypt becomes the settlement. The image is striking: the God of the universe keeps a ledger, and nothing done under His providence goes uncompensated."
1,fe7f41af-d3e7-4971-96c8-381f5cecf9d2,verse_life_application,reflection_question,"When you come to God right now, are you approaching the altar of his grace boldly, or are you hanging back as if you might not be welcome from where you're standing?","When you come to God right now, are you approaching the altar of His grace boldly, or are you hanging back as if you might not be welcome from where you're standing?"
1,76016d1c-109a-49cb-8eb1-74bf8beed048,verse_life_application,reflection_question,"When you bring your needs to God, are you secretly trying to earn the right to ask — and how might your prayers change if you leaned on his mercy instead of your merit?","When you bring your needs to God, are you secretly trying to earn the right to ask — and how might your prayers change if you leaned on His mercy instead of your merit?"
2,b9c38401-834c-4985-abe7-447ae10117f1,verse_life_application,deeper_layer,"The word translated ""the Holy One"" is *qadosh* (H6918), and it carries a meaning English flattens. We tend to hear ""holy"" as morally clean or religiously serious. But *qadosh* at its root means *set apart* — categorically different, operating in a realm of its own. When God calls himself the *qadosh* in the midst of a rebellious people, he's not saying ""I'm too pure to be near you."" He's saying the opposite: my otherness means I don't respond the way you'd expect. Human anger escalates. Human patience runs out. God's separateness from human nature is precisely why his mercy can hold when ours would collapse.","The word translated ""the Holy One"" is *qadosh* (H6918), and it carries a meaning English flattens. We tend to hear ""holy"" as morally clean or religiously serious. But *qadosh* at its root means *set apart* — categorically different, operating in a realm of its own. When God calls Himself the *qadosh* in the midst of a rebellious people, He's not saying ""I'm too pure to be near you."" He's saying the opposite: my otherness means I don't respond the way you'd expect. Human anger escalates. Human patience runs out. God's separateness from human nature is precisely why His mercy can hold when ours would collapse."
1,55665c31-c33b-48db-9b84-dc71adf26215,verse_life_application,reflection_question,Where in your life are you waiting for a massive sign from God when a single crumb of his grace might already be more than enough to change everything?,Where in your life are you waiting for a massive sign from God when a single crumb of His grace might already be more than enough to change everything?
1,61f663fa-1ee7-4178-8d5f-353f253b9f24,verse_life_application,reflection_question,"Where are you most confident in your own strength, and what would it look like if that's the exact place Jesus is gently preparing you to need his grace instead?","Where are you most confident in your own strength, and what would it look like if that's the exact place Jesus is gently preparing you to need His grace instead?"
1,da7ea37b-a762-47f0-9817-ed0b746cb799,verse_life_application,reflection_question,Is there something in your life that was used against you that God might now be turning into a sign of his faithfulness?,Is there something in your life that was used against you that God might now be turning into a sign of His faithfulness?
1,e0a2c459-3648-4409-a847-449ee02eb6d0,verse_life_application,reflection_question,"Where in your life are you quietly assuming God will make an exception for you — not because you trust his grace, but because you feel too far along to actually fall?","Where in your life are you quietly assuming God will make an exception for you — not because you trust His grace, but because you feel too far along to actually fall?"
1,d013ab14-79ff-4a94-bdb9-054122451a0e,verse_life_application,reflection_question,Where in your life have you quietly started treating God's grace toward you as evidence of your own merit rather than his mercy?,Where in your life have you quietly started treating God's grace toward you as evidence of your own merit rather than His mercy?
1,020579e6-f5a8-407a-9ddd-0e5228eb4c0f,verse_life_application,reflection_question,Where in your life have you quietly added conditions to what God has freely given you — as if his grace alone weren't quite enough?,Where in your life have you quietly added conditions to what God has freely given you — as if His grace alone weren't quite enough?
2,fd73464d-ba13-4c93-b718-8530cf145d51,chapter_deep_dives,deep_dive,"Psalm 47 is a coronation party. It opens with no restraint at all: ""O clap your hands, all ye people; *rua* (H7321) unto God with the voice of triumph."" The word for shout means to split the ears with sound — the kind of noise that stops people mid-step. In Israel it was the battle cry soldiers let out as they charged, knowing their commander had already secured the win. It announced that something had decisively changed. The psalmist is calling for the sound of people who know the battle is already over — a very different posture from cautious, polite religion.

The reason for the noise is that God is King not of one nation but of the whole earth, and the psalm pictures him ascending: ""God is gone up with a shout, the LORD with the sound of a trumpet."" He has taken his throne — and the proper response is music: ""Sing praises to God, sing praises... sing praises unto our King."" The word is *zamar* (H2167), and it does not mean vague humming. It originally meant to pluck — to pull the string of an instrument. This is close, deliberate, skilled work: you choose the string, press it, release it at exactly the right moment. Praise has that quality of intention — not automatic, not performed for a crowd, but chosen. When the feeling is not there yet, zamar still invites you to reach for the string anyway; the sound comes after the choice to pluck.

Underneath the celebration is the bedrock claim: ""God *malak* (H4427) over the heathen: God sitteth upon the throne of his holiness."" The word does not merely mean ""is currently in charge""; it means to ascend the throne, a king taking his seat after victory. Every time the psalm says God reigns, it lands like a herald stepping forward: the King has taken his throne. This is not a passive observation about the universe — it is a proclamation that power has been claimed and secured, and it belongs to one who is holy all the way through. The shields of the earth, every symbol of human strength, belong to him. So clap, shout, and pluck the strings: the coronation is real.","Psalm 47 is a coronation party. It opens with no restraint at all: ""O clap your hands, all ye people; *rua* (H7321) unto God with the voice of triumph."" The word for shout means to split the ears with sound — the kind of noise that stops people mid-step. In Israel it was the battle cry soldiers let out as they charged, knowing their commander had already secured the win. It announced that something had decisively changed. The psalmist is calling for the sound of people who know the battle is already over — a very different posture from cautious, polite religion.

The reason for the noise is that God is King not of one nation but of the whole earth, and the psalm pictures Him ascending: ""God is gone up with a shout, the LORD with the sound of a trumpet."" He has taken His throne — and the proper response is music: ""Sing praises to God, sing praises... sing praises unto our King."" The word is *zamar* (H2167), and it does not mean vague humming. It originally meant to pluck — to pull the string of an instrument. This is close, deliberate, skilled work: you choose the string, press it, release it at exactly the right moment. Praise has that quality of intention — not automatic, not performed for a crowd, but chosen. When the feeling is not there yet, zamar still invites you to reach for the string anyway; the sound comes after the choice to pluck.

Underneath the celebration is the bedrock claim: ""God *malak* (H4427) over the heathen: God sitteth upon the throne of His holiness."" The word does not merely mean ""is currently in charge""; it means to ascend the throne, a king taking his seat after victory. Every time the psalm says God reigns, it lands like a herald stepping forward: the King has taken His throne. This is not a passive observation about the universe — it is a proclamation that power has been claimed and secured, and it belongs to One who is holy all the way through. The shields of the earth, every symbol of human strength, belong to Him. So clap, shout, and pluck the strings: the coronation is real."
2,40c6fabb-a0e4-4efc-bbd4-3b465b569ba1,chapter_deep_dives,deep_dive,"Psalm 91 is the great shelter psalm, beginning with an invitation that is also a condition: ""He that dwelleth in the secret place of the most High shall abide under the shadow of the Almighty."" The secret place is not a hiding spot you crawl into out of fear; it is standing behind something so solid the wind cannot find you — and it belongs to the one who makes it home, not the one who visits occasionally. The images of protection pile up, and the tenderest is a mother bird. ""He shall *sakak* (H5526) thee with his feathers, and under his wings shalt thou trust."" The word means far more than draping something loosely over you — it means to weave or entwine around, woven so tightly nothing can push through. This is not a thin blanket; it is a covering engineered to hold, with no crack in the canopy. The same God whose wings shelter chicks is armored enough that his faithfulness becomes a battle shield.

The protection is not a promise that nothing hard will happen — it is a promise that you will not be mastered by terror of it. A thousand may fall at your side, the arrow flies by day, and yet the psalm dares to say you will walk straight over what should destroy you. ""Thou shalt *ramas* (H7429) the lion and adder."" The word is more violent and deliberate than the English ""trample"" suggests — it is the word for a potter stamping clay flat, a conqueror grinding an enemy into the ground. This is not stumbling over a snake and getting lucky; it is stepping down with full authority. The promise is not that your fears vanish but that you are given footing to stand on top of them. Paul heard it and wrote that God would crush Satan under our feet.

And then, in the last movement, God himself speaks and gives his reason for rescue — and it is not our performance. ""Because he hath *chashaq* (H2836) upon me, therefore will I deliver him."" The word means to cling, to be fastened to, to attach yourself with desire — in older Hebrew it described things physically joined, like a hook through a ring. It is not polite affection; it is the grip of someone who will not let go. God is describing a person whose whole self is latched onto him — not perfectly, but attached. And astonishingly, that clinging is what moves God to act. The rescue is not earned. It is drawn out by love. ""Call upon me,"" God says, ""and I will be with him in trouble"" — not after it, but in it.","Psalm 91 is the great shelter psalm, beginning with an invitation that is also a condition: ""He that dwelleth in the secret place of the most High shall abide under the shadow of the Almighty."" The secret place is not a hiding spot you crawl into out of fear; it is standing behind something so solid the wind cannot find you — and it belongs to the one who makes it home, not the one who visits occasionally. The images of protection pile up, and the tenderest is a mother bird. ""He shall *sakak* (H5526) thee with his feathers, and under his wings shalt thou trust."" The word means far more than draping something loosely over you — it means to weave or entwine around, woven so tightly nothing can push through. This is not a thin blanket; it is a covering engineered to hold, with no crack in the canopy. The same God whose wings shelter chicks is armored enough that His faithfulness becomes a battle shield.

The protection is not a promise that nothing hard will happen — it is a promise that you will not be mastered by terror of it. A thousand may fall at your side, the arrow flies by day, and yet the psalm dares to say you will walk straight over what should destroy you. ""Thou shalt *ramas* (H7429) the lion and adder."" The word is more violent and deliberate than the English ""trample"" suggests — it is the word for a potter stamping clay flat, a conqueror grinding an enemy into the ground. This is not stumbling over a snake and getting lucky; it is stepping down with full authority. The promise is not that your fears vanish but that you are given footing to stand on top of them. Paul heard it and wrote that God would crush Satan under our feet.

And then, in the last movement, God himself speaks and gives His reason for rescue — and it is not our performance. ""Because he hath *chashaq* (H2836) upon me, therefore will I deliver him."" The word means to cling, to be fastened to, to attach yourself with desire — in older Hebrew it described things physically joined, like a hook through a ring. It is not polite affection; it is the grip of someone who will not let go. God is describing a person whose whole self is latched onto him — not perfectly, but attached. And astonishingly, that clinging is what moves God to act. The rescue is not earned. It is drawn out by love. ""Call upon me,"" God says, ""and I will be with him in trouble"" — not after it, but in it."
2,3220c777-0632-4f4a-8685-9e3be25209cd,chapter_deep_dives,deep_dive,"Psalm 92 is the Sabbath psalm — the only one in the Psalter titled for that day — and it opens by declaring that gratitude is not a duty but a good, the way a cold drink is good to a thirsty person. Its rhythm is a whole day bracketed by God: his lovingkindness announced each morning, ""and thy *emunah* (H530) every night."" The word translated ""faithfulness"" carries a physical image the English loses — it means firmness, the steadiness of something that does not wobble under pressure, like a tent stake driven deep that you can pull a rope taut against with your full weight. God's faithfulness is not just a nice idea about his reliability; it is structural, load-bearing. And the timing is wise: night is when the ground beneath your life feels least solid, when fears surface and regrets replay, and that is precisely when you drive the stake again.

From there the psalmist marvels at scale. ""O LORD, how great are thy works! and thy thoughts are very *amaq* (H6009)."" The word is not gentle — it does not mean subtle or complex the way we call a book ""deep."" It means a physical plunge downward, the root used for deep water you can drown in. God's thoughts descend farther than any rope you own can reach; you cannot measure the bottom. That is not frightening but anchoring: when life feels chaotic and you cannot make sense of what God is doing, this word reminds you that what looks like silence on the surface has extraordinary depth underneath. You are seeing the ocean, not the floor. The brutish man cannot perceive this, and the wicked spring up like grass only to be destroyed — fast, showy, gone.

But the righteous are a different kind of plant entirely — a palm that fruits under drought, a cedar whose roots nothing can pull up. And the psalm makes a promise that runs against everything our culture assumes about aging: ""They shall still *nuv* (H5107) in old age."" The word pictures germinating, sprouting, actively pushing new growth through soil — not maintaining what you have, but breaking into fresh life. The surprise is the timing: fruit in old age, the season when most things stop producing. The word insists that what God plants in a person does not run on human energy reserves; it runs on something else, the steady unhurried fruitfulness that only comes from deep roots. For anyone who fears their best days are behind them, the Sabbath psalm answers: those planted in the house of the LORD are still bearing fruit when the body has slowed, ""to shew that the LORD is upright.""","Psalm 92 is the Sabbath psalm — the only one in the Psalter titled for that day — and it opens by declaring that gratitude is not a duty but a good, the way a cold drink is good to a thirsty person. Its rhythm is a whole day bracketed by God: His lovingkindness announced each morning, ""and thy *emunah* (H530) every night."" The word translated ""faithfulness"" carries a physical image the English loses — it means firmness, the steadiness of something that does not wobble under pressure, like a tent stake driven deep that you can pull a rope taut against with your full weight. God's faithfulness is not just a nice idea about His reliability; it is structural, load-bearing. And the timing is wise: night is when the ground beneath your life feels least solid, when fears surface and regrets replay, and that is precisely when you drive the stake again.

From there the psalmist marvels at scale. ""O LORD, how great are thy works! and thy thoughts are very *amaq* (H6009)."" The word is not gentle — it does not mean subtle or complex the way we call a book ""deep."" It means a physical plunge downward, the root used for deep water you can drown in. God's thoughts descend farther than any rope you own can reach; you cannot measure the bottom. That is not frightening but anchoring: when life feels chaotic and you cannot make sense of what God is doing, this word reminds you that what looks like silence on the surface has extraordinary depth underneath. You are seeing the ocean, not the floor. The brutish man cannot perceive this, and the wicked spring up like grass only to be destroyed — fast, showy, gone.

But the righteous are a different kind of plant entirely — a palm that fruits under drought, a cedar whose roots nothing can pull up. And the psalm makes a promise that runs against everything our culture assumes about aging: ""They shall still *nuv* (H5107) in old age."" The word pictures germinating, sprouting, actively pushing new growth through soil — not maintaining what you have, but breaking into fresh life. The surprise is the timing: fruit in old age, the season when most things stop producing. The word insists that what God plants in a person does not run on human energy reserves; it runs on something else, the steady unhurried fruitfulness that only comes from deep roots. For anyone who fears their best days are behind them, the Sabbath psalm answers: those planted in the house of the LORD are still bearing fruit when the body has slowed, ""to shew that the LORD is upright."""
1,8414b125-7faf-4857-8b55-ae8df1feec8a,chapter_deep_dives,short_summary,"**What It Says** Paul finishes his case: Jew and Gentile alike are ""all under sin."" He stacks Scripture like a legal brief — ""there is none righteous, no, not one"" — until every mouth is stopped and the whole world stands guilty. The law can't rescue; it can only diagnose (""by the law is the knowledge of sin""). Then comes the hinge of the whole letter: ""But now."" A righteousness from God, apart from law-keeping, has been unveiled — received by faith in Jesus Christ, offered to everyone, since all have sinned. It is a free gift: we are ""justified freely by his grace"" through Christ's redemption. God set Jesus forth as the ""propitiation"" — the mercy seat where holy God and sinful people meet — so God is both just and the justifier of the guilty. Boasting is excluded; a person is justified by faith, not works.

**Why It Matters** ""But now"" is the turn the whole letter drives toward: a righteousness (dikaiosynē) God gives, not one we achieve. It cost a redemption (apolytrōsis) — a ransom — and a propitiation (hilastērion): the cross let God stay just while justifying the guilty.

**The One Thing** You cannot earn a righteousness God is waiting to give you for free.","**What It Says** Paul finishes his case: Jew and Gentile alike are ""all under sin."" He stacks Scripture like a legal brief — ""there is none righteous, no, not one"" — until every mouth is stopped and the whole world stands guilty. The law can't rescue; it can only diagnose (""by the law is the knowledge of sin""). Then comes the hinge of the whole letter: ""But now."" A righteousness from God, apart from law-keeping, has been unveiled — received by faith in Jesus Christ, offered to everyone, since all have sinned. It is a free gift: we are ""justified freely by His grace"" through Christ's redemption. God set Jesus forth as the ""propitiation"" — the mercy seat where holy God and sinful people meet — so God is both just and the justifier of the guilty. Boasting is excluded; a person is justified by faith, not works.

**Why It Matters** ""But now"" is the turn the whole letter drives toward: a righteousness (dikaiosynē) God gives, not one we achieve. It cost a redemption (apolytrōsis) — a ransom — and a propitiation (hilastērion): the cross let God stay just while justifying the guilty.

**The One Thing** You cannot earn a righteousness God is waiting to give you for free."
